report_year,population,robberies,robberies_percapita
1975,286238,819,286.13
1975,112478,113,100.46
1975,490584,3887,792.32
1975,116656,171,146.58
1975,300400,529,176.1
1975,642154,750,116.79
1975,864100,9055,1047.91
1975,616120,7778,1262.42
1975,422276,2340,554.14
1975,262103,822,313.62
1975,3150000,22171,703.84
1975,433367,1745,402.66
1975,659931,7100,1075.87
1975,572797,2402,419.35
1975,864665,3386,391.6
1975,508140,2568,505.37
1975,1432444,21317,1488.16
1975,369000,840,227.64
1975,487905,433,88.75
1975,381275,1207,316.57
1975,176500,567,321.25
1975,705262,1050,148.88
1975,1372342,6422,467.96
1975,503411,3092,614.21
1975,542792,1727,318.17
1975,489094,3081,629.94
1975,249186,1345,539.76
1975,340758,1959,574.89
1975,1022888,3055,298.66
1975,2729878,14590,534.46
1975,646483,2983,461.42
1975,113176,98,86.59
1975,619795,2426,391.42
1975,350742,2657,757.54
1975,674369,1968,291.83
1975,405378,1838,453.4
1975,496092,578,116.51
1975,449600,2003,445.51
1975,1100426,686,62.34
1975,571934,3596,628.74
1975,7422506,83190,1120.78
1975,372663,4273,1146.61
1975,337748,3185,943.01
1975,384081,992,258.28
1975,391389,1211,309.41
1975,118457,304,256.63
1975,1883253,10405,552.5
1975,668046,1938,290.1
1975,479083,2744,572.76
1975,373126,1843,493.94
1975,569452,2147,377.03
1975,149940,221,147.39
1975,262994,1128,428.91
1975,180000,582,323.33
1975,768814,1730,225.02
1975,768713,2199,286.06
1975,669977,5687,848.84
1975,549367,887,161.46
1975,503500,2103,417.68
1975,569000,6288,1105.1
1975,1217700,531,43.61
1975,291103,1394,478.87
1975,340500,707,207.64
1975,347600,581,167.15
1975,217192,194,89.32
1975,716000,9137,1276.12
1975,259240,640,246.88
1976,292265,871,298.02
1976,107470,99,92.12
1976,457300,3380,739.12
1976,132000,166,125.76
1976,284908,518,181.81
1976,642369,688,107.1
1976,860974,7755,900.72
1976,619437,6125,988.8
1976,425101,1937,455.66
1976,274020,731,266.77
1976,3134499,17577,560.76
1976,427045,1525,357.11
1976,642298,5453,848.98
1976,595500,1921,322.59
1976,888450,3113,350.39
1976,523676,2042,389.94
1976,1334100,21213,1590.06
1976,361413,792,219.14
1976,524272,337,64.28
1976,364302,985,270.38
1976,177900,723,406.41
1976,718424,1112,154.78
1976,1477000,5531,374.48
1976,494730,2366,478.24
1976,543839,1558,286.48
1976,488012,2410,493.84
1976,265347,1276,480.88
1976,340900,1703,499.56
1976,1027865,2723,264.92
1976,2739100,14225,519.33
1976,649819,2429,373.8
1976,100763,89,88.33
1976,649499,1939,298.54
1976,338721,2313,682.86
1976,652517,1621,248.42
1976,397421,1407,354.03
1976,480055,564,117.49
1976,445979,1722,386.12
1976,1053093,659,62.58
1976,557327,2600,466.51
1976,7530493,86183,1144.45
1976,367886,3834,1042.17
1976,333100,2894,868.81
1976,376522,770,204.5
1976,388592,788,202.78
1976,116848,327,279.85
1976,1916665,7786,406.23
1976,669005,1485,221.97
1976,487106,2419,496.61
1976,379818,1913,503.66
1976,578318,1941,335.63
1976,148093,138,93.18
1976,260700,1187,455.31
1976,175400,482,274.8
1976,753069,1262,167.58
1976,773400,2271,293.64
1976,665000,6628,996.69
1976,557700,967,173.39
1976,503500,2163,429.59
1976,534206,5303,992.69
1976,1177192,979,83.16
1976,274568,1025,373.31
1976,340927,554,162.5
1976,349516,392,112.16
1976,216176,157,72.63
1976,702000,7044,1003.42
1976,256455,514,200.43
1977,292341,754,257.92
1977,112994,85,75.23
1977,440300,3354,761.75
1977,137200,166,120.99
1977,321900,512,159.06
1977,643363,717,111.45
1977,827494,7563,913.96
1977,619321,5655,913.1
1977,415352,1822,438.66
1977,262314,614,234.07
1977,3086806,16512,534.92
1977,423671,1625,383.55
1977,638793,6466,1012.22
1977,568800,1752,308.02
1977,873700,3637,416.28
1977,520200,2488,478.28
1977,1316352,15832,1202.72
1977,386000,824,213.47
1977,517610,419,80.95
1977,383028,1132,295.54
1977,182629,958,524.56
1977,721983,1081,149.73
1977,1613303,6153,381.39
1977,509000,2139,420.24
1977,528698,1466,277.28
1977,492055,2326,472.71
1977,279791,1419,507.16
1977,346662,1996,575.78
1977,1040180,2963,284.85
1977,2785393,15246,547.36
1977,667150,2749,412.05
1977,116400,83,71.31
1977,657954,2161,328.44
1977,333713,2447,733.26
1977,640489,1389,216.87
1977,390294,1652,423.27
1977,491003,484,98.57
1977,456589,1688,369.7
1977,1044946,734,70.24
1977,587776,3279,557.87
1977,7481613,74404,994.49
1977,351412,3203,911.47
1977,339264,3037,895.17
1977,373570,775,207.46
1977,367281,809,220.27
1977,118374,274,231.47
1977,1897706,6999,368.81
1977,682200,1594,233.66
1977,482413,2539,526.31
1977,385230,1703,442.07
1977,550201,1933,351.33
1977,152840,120,78.51
1977,265220,1276,481.11
1977,180122,479,265.93
1977,764217,1460,191.05
1977,788621,2481,314.6
1977,676625,5423,801.48
1977,568303,1031,181.42
1977,500000,1764,352.8
1977,512059,4943,965.32
1977,1140882,1018,89.23
1977,264848,1062,400.98
1977,306500,550,179.45
1977,352674,489,138.65
1977,235324,152,64.59
1977,690000,6655,964.49
1977,261732,715,273.18
1978,291834,694,237.81
1978,121750,132,108.42
1978,456000,4119,903.29
1978,131499,232,176.43
1978,331557,635,191.52
1978,641120,818,127.59
1978,781730,8097,1035.78
1978,616225,5635,914.44
1978,391695,1721,439.37
1978,309101,709,229.37
1978,3086699,15233,493.5
1978,405324,1300,320.73
1978,614512,6354,1033.99
1978,578338,1923,332.5
1978,871832,3835,439.88
1978,485547,2362,486.46
1978,1294359,12283,948.96
1978,399000,775,194.24
1978,522890,492,94.09
1978,375860,1218,324.06
1978,194774,1102,565.78
1978,725259,1473,203.1
1978,1486489,7352,494.59
1978,513271,1963,382.45
1978,523199,1347,257.45
1978,463931,1864,401.78
1978,288865,1548,535.89
1978,344154,2130,618.91
1978,972663,2929,301.13
1978,2787525,17105,613.63
1978,683112,2897,424.09
1978,124937,121,96.85
1978,669511,2431,363.1
1978,330060,2832,858.03
1978,623657,1212,194.34
1978,374800,1688,450.37
1978,525247,530,100.9
1978,452440,1772,391.65
1978,1100131,676,61.45
1978,559160,4164,744.69
1978,7242886,74029,1022.09
1978,325679,3682,1130.56
1978,327756,2774,846.36
1978,381184,1023,268.37
1978,364446,878,240.91
1978,118393,410,346.3
1978,1885533,7069,374.91
1978,696763,2031,291.49
1978,479443,3046,635.32
1978,362497,1774,489.38
1978,554087,1998,360.59
1978,150124,173,115.24
1978,261465,1582,605.05
1978,185000,451,243.78
1978,816780,1438,176.06
1978,797293,2530,317.32
1978,658611,6509,988.29
1978,587621,1155,196.56
1978,489961,2257,460.65
1978,525123,5025,956.92
1978,1157014,1105,95.5
1978,263175,1080,410.37
1978,309200,584,188.87
1978,356000,609,171.07
1978,240654,170,70.64
1978,674000,6333,939.61
1978,260642,542,207.95
1979,302120,815,269.76
1979,130265,190,145.86
1979,423103,5189,1226.42
1979,134224,351,261.5
1979,337727,577,170.85
1979,639872,1056,165.03
1979,790901,8482,1072.45
1979,599582,6600,1100.77
1979,383915,1958,510.01
1979,300569,703,233.89
1979,3060801,14464,472.56
1979,404661,1662,410.71
1979,601381,5760,957.8
1979,534052,2445,457.82
1979,882225,4456,505.09
1979,486407,2257,464.01
1979,1258924,11413,906.57
1979,413244,813,196.74
1979,519384,465,89.53
1979,384582,1783,463.62
1979,194849,1009,517.84
1979,734368,1568,213.52
1979,1619644,9311,574.88
1979,513877,2053,399.51
1979,546419,1555,284.58
1979,462914,2651,572.68
1979,324220,1891,583.25
1979,349158,2278,652.43
1979,911864,3493,383.06
1979,2863412,20454,714.32
1979,682110,3300,483.79
1979,115498,153,132.47
1979,677573,3232,477
1979,362840,3390,934.3
1979,645097,1592,246.78
1979,363899,1988,546.31
1979,522756,560,107.12
1979,444443,1716,386.1
1979,1105718,773,69.91
1979,567656,5276,929.44
1979,7109420,82572,1161.44
1979,315818,6100,1931.49
1979,344686,3072,891.25
1979,381348,1188,311.53
1979,370326,954,257.61
1979,121515,496,408.18
1979,1757368,8838,502.91
1979,718216,2337,325.39
1979,439407,2752,626.3
1979,406525,1787,439.58
1979,559514,2276,406.78
1979,140285,202,143.99
1979,274300,1640,597.89
1979,180189,495,274.71
1979,829138,1689,203.71
1979,829322,2884,347.75
1979,659176,6694,1015.51
1979,604993,1358,224.47
1979,521590,2071,397.06
1979,505451,5386,1065.58
1979,1165851,1111,95.3
1979,277203,1312,473.3
1979,315978,697,220.58
1979,343258,651,189.65
1979,244308,188,76.95
1979,656000,6920,1054.88
1979,273559,668,244.19
1980,328837,914,277.95
1980,161192,196,121.59
1980,422474,4733,1120.31
1980,158249,351,221.8
1980,343425,678,197.42
1980,651337,1208,185.46
1980,784554,10020,1277.16
1980,562582,7526,1337.76
1980,357384,1914,535.56
1980,310794,686,220.72
1980,2986419,16261,544.5
1980,383114,1686,440.08
1980,572657,6802,1187.8
1980,562416,3224,573.24
1980,900104,4983,553.6
1980,489318,2366,483.53
1980,1197325,13429,1121.58
1980,425122,828,194.77
1980,568736,503,88.44
1980,382679,2286,597.37
1980,215396,1232,571.97
1980,762020,1729,226.9
1980,1557575,9181,589.44
1980,698753,2193,313.84
1980,542795,1631,300.48
1980,446865,2889,646.5
1980,385396,2636,683.97
1980,356906,2781,779.2
1980,1020111,3932,385.45
1980,2952511,25637,868.31
1980,644957,3846,596.32
1980,149662,193,128.96
1980,774491,5698,735.71
1980,335718,6890,2052.32
1980,633845,1796,283.35
1980,370163,2267,612.43
1980,519381,798,153.64
1980,452025,2027,448.43
1980,1049118,926,88.26
1980,557761,4647,833.15
1980,7035348,100550,1429.21
1980,330104,6845,2073.59
1980,338721,4248,1254.13
1980,401577,1251,311.52
1980,312919,1053,336.51
1980,127811,742,580.54
1980,1681175,10883,647.34
1980,772884,3037,392.94
1980,424205,3252,766.61
1980,364419,2249,617.15
1980,556147,2888,519.29
1980,148429,260,175.17
1980,274547,1604,584.24
1980,162985,528,323.96
1980,788049,1742,221.05
1980,874826,2986,341.33
1980,674150,7527,1116.52
1980,628106,1714,272.88
1980,491897,2253,458.02
1980,450790,5938,1317.24
1980,1158917,1348,116.32
1980,268709,1877,698.53
1980,331506,655,197.58
1980,355766,798,224.3
1980,260680,210,80.56
1981,635233,8897,1400.59
1981,279352,826,295.68
1981,336840,1107,328.64
1981,167848,212,126.3
1981,435626,4537,1041.49
1981,162900,359,220.38
1981,357607,669,187.08
1981,662025,1394,210.57
1981,797429,10715,1343.69
1981,566679,9248,1631.96
1981,359167,1734,482.78
1981,316503,774,244.55
1981,3012703,16118,535
1981,383441,1756,457.96
1981,573145,7821,1364.58
1981,562896,3356,596.2
1981,937273,5402,576.35
1981,503695,2403,477.07
1981,1193805,14797,1239.48
1981,442677,871,196.76
1981,579696,533,91.94
1981,398482,2312,580.2
1981,221129,1102,498.35
1981,773331,1320,170.69
1981,1621897,6893,425
1981,461820,2194,475.08
1981,575157,2340,406.85
1981,450211,3235,718.55
1981,406915,2778,682.7
1981,366405,2928,799.12
1981,1047260,4256,406.39
1981,3031090,28152,928.77
1981,654096,4092,625.6
1981,153941,143,92.89
1981,822971,5526,671.47
1981,356734,6196,1736.87
1981,641715,1806,281.43
1981,372784,2296,615.91
1981,527903,872,165.18
1981,458430,1594,347.71
1981,1054349,1223,116
1981,571771,4950,865.73
1981,7070429,107475,1520.06
1981,332746,7778,2337.52
1981,347736,3836,1103.14
1981,414523,1491,359.69
1981,322883,899,278.43
1981,135812,885,651.64
1981,1686834,10816,641.2
1981,794983,2696,339.13
1981,425632,4288,1007.44
1981,369518,3072,831.35
1981,564424,3345,592.64
1981,151155,288,190.53
1981,281854,1833,650.34
1981,169383,587,346.55
1981,820591,1835,223.62
1981,898109,3323,370
1981,692092,7386,1067.2
1981,644823,2070,321.02
1981,503697,2344,465.36
1981,454166,5365,1181.29
1981,1164699,820,70.4
1981,285530,2314,810.42
1981,340985,872,255.73
1981,367234,949,258.42
1981,265704,235,88.44
1982,636000,10399,1635.06
1982,282465,816,288.89
1982,344962,926,268.44
1982,173821,191,109.88
1982,441103,3999,906.59
1982,167408,353,210.86
1982,370331,635,171.47
1982,662646,1238,186.83
1982,798175,9347,1171.05
1982,567758,6531,1150.31
1982,360493,1653,458.54
1982,320119,990,309.26
1982,3010862,16307,541.61
1982,383975,1589,413.83
1982,573944,5296,922.74
1982,563680,2507,444.76
1982,970624,5695,586.74
1982,517638,2386,460.94
1982,1181868,16037,1356.92
1982,458429,932,203.3
1982,586631,521,88.81
1982,412661,2233,541.12
1982,226300,1212,535.57
1982,785181,1457,185.56
1982,1679607,12392,737.79
1982,462657,1993,430.77
1982,590957,2152,364.16
1982,451397,2756,610.55
1982,424252,2739,645.61
1982,374974,2878,767.52
1982,1071752,4092,381.8
1982,3101979,30029,968.06
1982,659913,4404,667.36
1982,157634,129,81.84
1982,843210,5131,608.51
1982,365506,5123,1401.62
1982,645231,2087,323.45
1982,376704,2583,685.68
1982,528399,682,129.07
1982,462507,1662,359.35
1982,1058247,1139,107.63
1982,579338,5106,881.35
1982,7096559,95944,1351.98
1982,334414,6393,1911.7
1982,355868,3194,897.52
1982,425093,1801,423.67
1982,324936,743,228.66
1982,139152,809,581.38
1982,1687556,10604,628.36
1982,814054,2402,295.07
1982,425814,3841,902.04
1982,369796,2811,760.15
1982,564955,2682,474.73
1982,152882,322,210.62
1982,288446,1543,534.94
1982,173630,656,377.81
1982,849791,2195,258.3
1982,919113,3142,341.85
1982,708278,7153,1009.91
1982,659903,1701,257.77
1982,507643,2271,447.36
1982,455362,4899,1075.85
1982,1169000,1002,85.71
1982,292551,1842,629.63
1982,349165,910,260.62
1982,376599,1050,278.81
1983,268887,258,95.95
1983,631000,9137,1448.02
1983,285665,677,236.99
1983,355163,909,255.94
1983,178871,186,103.99
1983,448635,3552,791.73
1983,172575,333,192.96
1983,381091,665,174.5
1983,668705,1260,188.42
1983,805527,9167,1138.01
1983,566551,6713,1184.89
1983,360656,1410,390.95
1983,323704,1102,340.43
1983,3021203,23471,776.88
1983,382373,1401,366.4
1983,571827,4115,719.62
1983,561328,2407,428.8
1983,998827,4914,491.98
1983,533732,1924,360.48
1983,1176968,16922,1437.76
1983,471749,865,183.36
1983,592933,364,61.39
1983,424651,2020,475.68
1983,230418,984,427.05
1983,808092,1243,153.82
1983,1728783,10270,594.06
1983,463455,1821,392.92
1983,605934,2288,377.6
1983,453128,2876,634.7
1983,429080,1985,462.62
1983,381798,3101,812.21
1983,1084868,3937,362.9
1983,3158688,29243,925.8
1983,664883,4493,675.76
1983,163310,150,91.85
1983,864762,4800,555.07
1983,374769,4719,1259.18
1983,643473,2198,341.58
1983,377850,2001,529.58
1983,533230,625,117.21
1983,465887,1713,367.69
1983,1058726,951,89.82
1983,589508,4550,771.83
1983,7100063,84043,1183.69
1983,336016,5287,1573.44
1983,362344,3289,907.7
1983,441281,1917,434.42
1983,327276,622,190.05
1983,142678,768,538.27
1983,1692364,10744,634.85
1983,843415,1971,233.69
1983,426890,4198,983.39
1983,371706,2964,797.4
1983,570120,2453,430.26
1983,154482,289,187.08
1983,293695,1553,528.78
1983,180892,523,289.12
1983,874483,2403,274.79
1983,935840,2550,272.48
1983,721168,5945,824.36
1983,671913,1461,217.44
1983,514319,2032,395.09
1983,457262,3840,839.78
1983,1169529,983,84.05
1983,299965,1529,509.73
1983,361739,766,211.75
1983,391101,968,247.51
1984,271775,252,92.72
1984,623000,7698,1235.63
1984,287807,534,185.54
1984,356366,1215,340.94
1984,191475,200,104.45
1984,442951,4029,909.58
1984,191159,317,165.83
1984,385237,768,199.36
1984,671586,1082,161.11
1984,788604,8002,1014.7
1984,565192,5539,980.02
1984,352015,1386,393.73
1984,331992,1144,344.59
1984,3012524,28535,947.21
1984,378800,1332,351.64
1984,556931,4090,734.38
1984,568609,2298,404.14
1984,987696,4841,490.13
1984,524171,1681,320.7
1984,1133647,18352,1618.85
1984,465748,1050,225.44
1984,626134,444,70.91
1984,420050,2080,495.18
1984,254649,1066,418.62
1984,810772,1117,137.77
1984,1805783,9157,507.09
1984,471622,1842,390.57
1984,582421,2134,366.4
1984,450489,2440,541.63
1984,438264,1767,403.18
1984,386421,2591,670.51
1984,1078849,3831,355.1
1984,3144256,27323,868.98
1984,654666,4763,727.55
1984,181287,127,70.05
1984,883352,4559,516.1
1984,400646,5705,1423.95
1984,632458,1871,295.83
1984,370866,1740,469.17
1984,549800,591,107.49
1984,475744,1438,302.26
1984,1057700,1051,99.37
1984,576071,4705,816.74
1984,7167121,79541,1109.8
1984,324961,4660,1434.02
1984,358566,3170,884.08
1984,439249,1603,364.94
1984,357790,530,148.13
1984,140541,802,570.65
1984,1667545,9365,561.6
1984,870279,2106,241.99
1984,415475,3212,773.09
1984,367055,3042,828.76
1984,574838,2094,364.28
1984,158028,306,193.64
1984,300248,1645,547.88
1984,173136,490,283.01
1984,857070,2657,310.01
1984,952933,2616,274.52
1984,719559,5222,725.72
1984,685792,1175,171.33
1984,497598,2386,479.5
1984,442528,3112,703.23
1984,1175588,750,63.8
1984,289355,1843,636.93
1984,372146,809,217.39
1984,385394,904,234.57
1985,290678,235,80.85
1985,623000,6087,977.05
1985,291555,451,154.69
1985,357051,1247,349.25
1985,218931,299,136.57
1985,436214,4792,1098.54
1985,198033,434,219.16
1985,406469,1076,264.72
1985,679708,1081,159.04
1985,771097,7771,1007.79
1985,573131,6232,1087.36
1985,339890,1390,408.96
1985,335690,1121,333.94
1985,2998841,26892,896.75
1985,370198,1242,335.5
1985,546126,3499,640.69
1985,565682,2144,379.01
1985,997467,6051,606.64
1985,513048,1917,373.65
1985,1090581,16769,1537.62
1985,474870,993,209.11
1985,651037,511,78.49
1985,424449,2620,617.27
1985,275125,1233,448.16
1985,817083,965,118.1
1985,1746375,9589,549.08
1985,471656,1795,380.57
1985,601007,2693,448.08
1985,444942,2646,594.68
1985,456749,1755,384.24
1985,389728,2405,617.1
1985,1074561,3822,355.68
1985,3186459,27938,876.77
1985,654626,5016,766.24
1985,202450,156,77.06
1985,859660,4604,535.56
1985,385892,5768,1494.72
1985,621931,2086,335.41
1985,361021,2326,644.28
1985,573982,675,117.6
1985,481286,1588,329.95
1985,1067327,1000,93.69
1985,561364,4142,737.85
1985,7183984,79532,1107.07
1985,316356,5320,1681.65
1985,362095,3316,915.78
1985,443575,1585,357.32
1985,362883,591,162.86
1985,142025,902,635.1
1985,1640102,9381,571.98
1985,890746,2425,272.24
1985,400969,3016,752.18
1985,367571,3508,954.37
1985,574412,2211,384.92
1985,171814,307,178.68
1985,312944,2083,665.61
1985,164216,446,271.59
1985,862878,2683,310.94
1985,988284,3062,309.83
1985,733456,5111,696.84
1985,706062,1237,175.2
1985,495190,2843,574.12
1985,431109,3136,727.43
1985,1194000,1181,98.91
1985,285280,2657,931.37
1985,381473,1051,275.51
1985,374875,796,212.34
1986,312584,205,65.58
1986,626000,5230,835.46
1986,284915,699,245.34
1986,364196,1248,342.67
1986,223106,518,232.18
1986,445617,5428,1218.09
1986,200189,580,289.73
1986,414220,1124,271.35
1986,690668,1384,200.39
1986,783542,7989,1019.6
1986,574107,6225,1084.29
1986,339685,1533,451.3
1986,339767,1454,427.94
1986,3003105,30918,1029.53
1986,370482,1216,328.22
1986,546544,3698,676.62
1986,566115,2255,398.33
1986,1016488,9289,913.83
1986,518625,2099,404.72
1986,1096947,16421,1496.97
1986,483925,1039,214.7
1986,658583,495,75.16
1986,432542,3373,779.81
1986,281554,1316,467.41
1986,823306,1052,127.78
1986,1779677,10926,613.93
1986,470591,1571,333.84
1986,616668,2985,484.05
1986,448237,3442,767.9
1986,463158,1933,417.35
1986,398983,2774,695.27
1986,1061016,3398,320.26
1986,3260856,29930,917.86
1986,660255,5819,881.33
1986,210702,239,113.43
1986,901784,5798,642.95
1986,396374,5767,1454.94
1986,623278,2207,354.1
1986,362845,2801,771.95
1986,583337,648,111.09
1986,470906,1953,414.73
1986,1063822,1006,94.56
1986,563927,5165,915.9
1986,7179609,80827,1125.79
1986,318801,5464,1713.92
1986,370556,3787,1021.98
1986,444119,1484,334.14
1986,332368,627,188.65
1986,145882,1229,842.46
1986,1645144,9647,586.39
1986,927055,2972,320.59
1986,402204,3253,808.79
1986,368439,3887,1054.99
1986,588222,2116,359.73
1986,173901,339,194.94
1986,320256,2214,691.32
1986,166182,506,304.49
1986,879332,3262,370.96
1986,1011376,3985,394.02
1986,750544,5085,677.51
1986,722560,1126,155.83
1986,501279,2792,556.98
1986,434298,3326,765.83
1986,1190985,1188,99.75
1986,293030,3512,1198.51
1986,397023,1042,262.45
1986,375335,858,228.6
1987,316959,336,106.01
1987,626000,4719,753.83
1987,286163,586,204.78
1987,371756,987,265.5
1987,251372,511,203.28
1987,429953,5100,1186.18
1987,219945,524,238.24
1987,469542,985,209.78
1987,681068,1416,207.91
1987,764893,7466,976.08
1987,575882,5408,939.08
1987,325787,1552,476.38
1987,356596,1486,416.72
1987,3018338,29815,987.8
1987,371585,1183,318.37
1987,548171,3541,645.97
1987,567800,2864,504.4
1987,1009947,9091,900.15
1987,509529,1612,316.37
1987,1091523,15093,1382.75
1987,494954,969,195.78
1987,690273,529,76.64
1987,432305,3270,756.41
1987,291855,1096,375.53
1987,832614,985,118.3
1987,1739999,9692,557.01
1987,478693,1334,278.68
1987,629887,3876,615.35
1987,444382,3279,737.88
1987,481393,1837,381.6
1987,406297,2467,607.19
1987,1096165,3222,293.93
1987,3341726,26192,783.79
1987,659720,4696,711.82
1987,262428,222,84.59
1987,926139,5850,631.65
1987,385089,5594,1452.65
1987,607885,1984,326.38
1987,359371,2866,797.5
1987,617920,683,110.53
1987,487097,2350,482.45
1987,1052414,1010,95.97
1987,549536,3786,688.94
1987,7284319,78890,1083.01
1987,318402,4230,1328.51
1987,365983,3176,867.8
1987,441408,1322,299.5
1987,374934,570,152.03
1987,150250,1029,684.86
1987,1649364,9302,563.97
1987,933177,2287,245.08
1987,389015,2834,728.51
1987,390845,3667,938.22
1987,589824,521,88.33
1987,182750,384,210.12
1987,331728,1841,554.97
1987,159839,482,301.55
1987,920215,3253,353.5
1987,1040851,3452,331.65
1987,767933,4654,606.04
1987,730079,944,129.3
1987,494426,2959,598.47
1987,429414,3296,767.56
1987,1191928,1251,104.96
1987,285856,3427,1198.86
1987,374546,911,243.23
1987,369961,1074,290.3
1988,340158,322,94.66
1988,622000,4462,717.36
1988,290702,591,203.3
1988,378176,928,245.39
1988,251712,568,225.65
1988,444995,5972,1342.04
1988,219404,462,210.57
1988,467423,1018,217.79
1988,692703,1656,239.06
1988,763880,7396,968.21
1988,579921,5233,902.36
1988,323714,1774,548.01
1988,370492,1933,521.74
1988,2994100,28975,967.74
1988,377783,1211,320.55
1988,544515,3795,696.95
1988,588428,3028,514.59
1988,1017818,9647,947.81
1988,500555,1393,278.29
1988,1086714,12978,1194.24
1988,501544,1088,216.93
1988,714952,548,76.65
1988,432889,3115,719.58
1988,294695,1393,472.69
1988,838656,833,99.33
1988,1725421,10049,582.41
1988,483187,1464,302.99
1988,645024,4299,666.49
1988,447461,3479,777.5
1988,510941,1887,369.32
1988,413667,2646,639.64
1988,1116009,3210,287.63
1988,3402342,26182,769.53
1988,668935,4462,667.03
1988,267642,261,97.52
1988,937278,5759,614.44
1988,389720,6398,1641.69
1988,611140,2111,345.42
1988,364745,2565,703.23
1988,691815,782,113.04
1988,502759,1954,388.66
1988,1048192,1032,98.46
1988,538047,4729,878.92
1988,7346352,86578,1178.52
1988,319191,4424,1386
1988,367782,3141,854.04
1988,440136,1365,310.13
1988,377958,710,187.85
1988,155673,1229,789.48
1988,1657285,8858,534.49
1988,951717,2518,264.57
1988,387190,2537,655.23
1988,387659,3632,936.91
1988,598855,2544,424.81
1988,188308,335,177.9
1988,340483,1612,473.45
1988,162005,487,300.61
1988,935729,2859,305.54
1988,1073466,3204,298.47
1988,753927,4867,645.55
1988,732022,948,129.5
1988,505380,2709,536.03
1988,425187,3327,782.48
1988,1195644,1110,92.84
1988,383174,768,200.43
1988,373602,1008,269.81
1989,355562,327,91.97
1989,620000,5689,917.58
1989,292733,628,214.53
1989,384801,1032,268.19
1989,259796,552,212.47
1989,426482,6796,1593.5
1989,219780,378,171.99
1989,468907,1019,217.31
1989,700068,1804,257.69
1989,763138,7966,1043.85
1989,580095,5866,1011.21
1989,314284,1829,581.96
1989,372612,2369,635.78
1989,2988260,31588,1057.07
1989,372282,1428,383.58
1989,523906,4045,772.09
1989,572341,3127,546.35
1989,996320,9442,947.69
1989,494589,1267,256.17
1989,1039599,11902,1144.86
1989,515607,1139,220.9
1989,742741,528,71.09
1989,430481,2525,586.55
1989,315218,1525,483.79
1989,848959,809,95.29
1989,1713499,9820,573.1
1989,484056,1806,373.1
1989,654737,3940,601.77
1989,440435,3824,868.23
1989,536148,2046,381.61
1989,426025,3763,883.28
1989,1046235,4053,387.39
1989,3441449,31063,902.61
1989,651081,3781,580.73
1989,285883,213,74.51
1989,972785,7877,809.74
1989,381206,7289,1912.09
1989,600898,2415,401.9
1989,348384,2524,724.49
1989,705979,835,118.28
1989,501398,1608,320.7
1989,1046197,962,91.95
1989,528589,5449,1030.86
1989,7369454,93377,1267.08
1989,313839,5310,1691.95
1989,366305,3224,880.14
1989,431982,1617,374.32
1989,355110,639,179.94
1989,160197,1189,742.21
1989,1652188,10233,619.36
1989,941948,2615,277.62
1989,376412,2471,656.46
1989,425788,2667,626.37
1989,608611,3141,516.09
1989,189132,380,200.92
1989,347172,1654,476.42
1989,154304,484,313.67
1989,949691,2710,285.36
1989,1098639,3585,326.31
1989,750964,5005,666.48
1989,757964,995,131.27
1989,514398,2448,475.9
1989,405066,4220,1041.81
1989,1194717,1286,107.64
1989,289463,3137,1083.73
1989,393319,686,174.41
1989,366297,1416,386.57
1990,370316,318,85.87
1990,604000,6541,1082.95
1990,297391,970,326.17
1990,384736,1030,267.72
1990,261721,586,223.9
1990,394017,6109,1550.44
1990,222103,397,178.75
1990,465622,1461,313.77
1990,692134,1707,246.63
1990,736014,9477,1287.61
1990,574283,6022,1048.61
1990,328123,2172,661.95
1990,395934,3208,810.24
1990,2783726,37156,1334.76
1990,364040,1613,443.08
1990,505616,4917,972.48
1990,632910,3541,559.48
1990,1006877,10565,1049.28
1990,467610,1312,280.58
1990,1027974,13010,1265.6
1990,515342,1381,267.98
1990,787593,490,62.21
1990,447619,2801,625.76
1990,354202,1592,449.46
1990,836231,889,106.31
1990,1630553,12921,792.43
1990,483549,1642,339.57
1990,636680,3963,622.45
1990,434711,4492,1033.33
1990,616243,2229,361.71
1990,429433,4193,976.4
1990,970620,4664,480.52
1990,3485398,36098,1035.69
1990,610337,4152,680.28
1990,288091,275,95.46
1990,1036888,8368,807.03
1990,358548,8172,2279.19
1990,628100,4146,660.09
1990,368383,2558,694.39
1990,744830,807,108.35
1990,499565,2164,433.18
1990,1009921,1014,100.4
1990,496938,6048,1217.05
1990,7322564,100280,1369.47
1990,275221,6021,2187.7
1990,372242,3230,867.72
1990,444719,1398,314.36
1990,335795,604,179.87
1990,164693,1449,879.82
1990,1585577,12806,807.66
1990,983403,3383,344.01
1990,369879,2319,626.96
1990,437319,2541,581.04
1990,613616,3606,587.66
1990,207951,388,186.58
1990,369365,1790,484.62
1990,159936,539,337.01
1990,935933,2864,306
1990,1110549,4331,389.99
1990,723959,7053,974.23
1990,782248,1034,132.18
1990,516259,2695,522.02
1990,396685,4708,1186.84
1990,1189974,1419,119.25
1990,280015,3163,1129.58
1990,405390,902,222.5
1990,367302,1539,419
1991,393069,424,107.87
1991,606900,7365,1213.54
1991,304011,1079,354.92
1991,393148,1307,332.44
1991,267306,700,261.87
1991,403085,6479,1607.35
1991,227670,564,247.73
1991,475558,1555,326.98
1991,703563,2139,304.02
1991,748099,10770,1439.65
1991,572454,4784,835.7
1991,329353,2705,821.31
1991,402618,2899,720.04
1991,2811478,43783,1557.29
1991,367123,2315,630.58
1991,509898,5132,1006.48
1991,638533,3747,586.81
1991,1028362,11254,1094.36
1991,479468,1635,341
1991,1036246,13569,1309.44
1991,526339,1484,281.95
1991,800147,477,59.61
1991,457171,3426,749.39
1991,361580,2182,603.46
1991,856432,860,100.42
1991,1665756,13883,833.44
1991,489392,2001,408.87
1991,653515,3846,588.51
1991,438188,4955,1130.79
1991,656391,3193,486.45
1991,438378,4071,928.65
1991,990838,4527,456.89
1991,3558316,39778,1117.89
1991,619981,4504,726.47
1991,294754,389,131.97
1991,1064064,8635,811.51
1991,367945,8477,2303.88
1991,636342,4252,668.19
1991,373303,2610,699.16
1991,757060,979,129.32
1991,507328,2648,521.95
1991,1013708,1181,116.5
1991,500791,5969,1191.91
1991,7350023,98512,1340.3
1991,276510,5201,1880.94
1991,379995,3933,1035.01
1991,449025,1499,333.83
1991,338987,634,187.03
1991,169009,759,449.09
1991,1596699,13921,871.86
1991,995895,3448,346.22
1991,372349,2704,726.2
1991,449671,2723,605.55
1991,622433,3796,609.86
1991,211350,652,308.49
1991,377058,2280,604.68
1991,164313,474,288.47
1991,955905,3778,395.23
1991,1133681,5331,470.24
1991,739039,7020,949.88
1991,798542,1328,166.3
1991,532418,2761,518.58
1991,399858,5294,1323.97
1991,1194436,1683,140.9
1991,287354,3010,1047.49
1991,414766,889,214.34
1991,370735,1469,396.24
1992,399334,512,128.21
1992,598000,7265,1214.88
1992,306339,1404,458.32
1992,401529,1460,363.61
1992,272037,725,266.51
1992,410876,5824,1417.46
1992,233939,672,287.25
1992,483975,1450,299.6
1992,710514,2293,322.72
1992,755517,12263,1623.13
1992,572822,4765,831.85
1992,330466,2998,907.2
1992,408951,3058,747.77
1992,2832901,38448,1357.2
1992,369707,2294,620.49
1992,513487,4423,861.37
1992,643028,3585,557.52
1992,1046562,9532,910.79
1992,492672,1804,366.17
1992,1044128,12194,1167.86
1992,535655,1610,300.57
1992,811733,473,58.27
1992,465262,3488,749.69
1992,367376,3094,842.19
1992,875297,1013,115.73
1992,1695239,11130,656.54
1992,493928,2157,436.7
1992,663899,3614,544.36
1992,441162,4494,1018.67
1992,678385,3609,532
1992,445405,3583,804.44
1992,922758,5471,592.9
1992,3615355,39508,1092.78
1992,628865,5341,849.31
1992,301200,295,97.94
1992,1080971,7488,692.71
1992,373791,7065,1890.09
1992,643017,4334,674.01
1992,377345,3075,814.9
1992,764539,930,121.64
1992,514771,2668,518.29
1992,1017134,1381,135.77
1992,505008,5341,1057.61
1992,7375097,91239,1237.12
1992,277544,5389,1941.67
1992,386086,4610,1194.03
1992,454255,1836,404.18
1992,341753,400,117.04
1992,171694,808,470.6
1992,1603638,11681,728.41
1992,999900,3140,314.03
1992,373842,2989,799.54
1992,458132,2686,586.29
1992,629853,3310,525.52
1992,214674,887,413.18
1992,383102,2322,606.1
1992,168304,470,279.26
1992,972824,3485,358.24
1992,1151853,5321,461.95
1992,750885,8278,1102.43
1992,811342,1231,151.72
1992,544940,2577,472.9
1992,402573,4936,1226.11
1992,1198473,1773,147.94
1992,291920,2999,1027.34
1992,423836,970,228.86
1992,375053,1344,358.35
1993,405116,612,151.07
1993,589000,7456,1265.87
1993,309955,1340,432.32
1993,407286,1552,381.06
1993,281336,710,252.37
1993,402877,6045,1500.46
1993,246610,740,300.07
1993,502018,1555,309.75
1993,712020,2307,324.01
1993,732968,12376,1688.48
1993,553870,4081,736.82
1993,324855,2898,892.09
1993,422862,3227,763.13
1993,2788996,35189,1261.71
1993,366591,2327,634.77
1993,505730,4297,849.66
1993,646933,3887,600.84
1993,1042619,7420,711.67
1993,498402,1863,373.79
1993,1020062,13591,1332.37
1993,554515,1561,281.51
1993,836460,460,54.99
1993,463373,2750,593.47
1993,379977,2879,757.68
1993,875455,1085,123.94
1993,1724327,10772,624.71
1993,377723,2050,542.73
1993,672310,3604,536.06
1993,435428,3891,893.6
1993,717441,3572,497.88
1993,443259,3717,838.56
1993,947137,4603,485.99
1993,3525317,38415,1089.69
1993,618981,5366,866.91
1993,304695,410,134.56
1993,1103461,7878,713.94
1993,372519,7082,1901.11
1993,623114,4022,645.47
1993,366642,3178,866.79
1993,775718,842,108.54
1993,513648,2709,527.4
1993,1028280,1129,109.79
1993,491619,5179,1053.46
1993,7347257,86001,1170.52
1993,269892,5892,2183.1
1993,377037,4559,1209.17
1993,457448,1724,376.87
1993,341499,752,220.21
1993,176748,1107,626.32
1993,1559534,11531,739.39
1993,1039369,3437,330.68
1993,368473,2784,755.55
1993,454889,2305,506.72
1993,632201,3875,612.94
1993,224057,795,354.82
1993,386732,2310,597.31
1993,170380,498,292.29
1993,985456,2979,302.3
1993,1160603,4651,400.74
1993,736377,8454,1148.05
1993,809528,1186,146.51
1993,531274,2670,502.57
1993,387053,6223,1607.79
1993,1211097,1697,140.12
1993,288877,2965,1026.39
1993,426344,894,209.69
1993,378350,1143,302.1
1994,423387,631,149.04
1994,578000,7107,1229.58
1994,313597,1327,423.15
1994,416917,1434,343.95
1994,286748,654,228.07
1994,411204,5343,1299.36
1994,252833,623,246.41
1994,511676,1542,301.36
1994,717879,2165,301.58
1994,739180,11275,1525.34
1994,556724,4245,762.5
1994,324354,3269,1007.85
1994,527121,2713,514.68
1994,2802494,33925,1210.53
1994,366953,2131,580.73
1994,506230,3924,775.14
1994,647860,3599,555.52
1994,1062677,7077,665.96
1994,511085,1714,335.36
1994,1022283,12772,1249.36
1994,565183,1086,192.15
1994,844322,428,50.69
1994,472288,2379,503.72
1994,382655,2810,734.34
1994,880687,1058,120.13
1994,1758016,9981,567.74
1994,380302,2454,645.28
1994,685776,3427,499.73
1994,439089,3727,848.8
1994,752577,3805,505.6
1994,446383,3425,767.28
1994,953814,4095,429.33
1994,3550381,30817,867.99
1994,628375,4988,793.79
1994,315456,407,129.02
1994,1125748,7021,623.67
1994,379980,5841,1537.19
1994,628737,4017,638.9
1994,370834,3444,928.72
1994,781306,869,111.22
1994,521301,2652,508.73
1994,1026696,1007,98.08
1994,493990,4822,976.13
1994,7336224,72540,988.79
1994,271025,5775,2130.8
1994,379695,3877,1021.08
1994,461271,1748,378.95
1994,344975,918,266.11
1994,180288,1095,607.36
1994,1560576,12706,814.19
1994,1076108,3451,320.69
1994,368594,2469,669.84
1994,463072,2344,506.18
1994,637404,3498,548.79
1994,228090,825,361.7
1994,389458,2292,588.51
1994,174827,502,287.14
1994,999900,2781,278.13
1994,1168785,3845,328.97
1994,741568,6624,893.24
1994,815235,1109,136.03
1994,540268,2536,469.4
1994,390437,6025,1543.14
1994,1209231,1226,101.39
1994,294663,3378,1146.39
1994,441402,1012,229.27
1995,381640,1071,280.63
1995,427471,609,142.47
1995,570000,6311,1107.19
1995,316629,1060,334.78
1995,419714,1623,386.69
1995,292324,521,178.23
1995,404337,5260,1300.9
1995,256957,549,213.65
1995,523691,1336,255.11
1995,716904,2468,344.26
1995,712209,11353,1594.05
1995,550715,3597,653.15
1995,312395,2836,907.83
1995,544146,2949,541.95
1995,2749811,30086,1094.11
1995,359749,2155,599.03
1995,495074,4224,853.21
1995,638729,3329,521.19
1995,1042088,5899,566.08
1995,505843,1413,279.34
1995,997297,10076,1010.33
1995,590215,1076,182.31
1995,856544,447,52.19
1995,460321,1965,426.88
1995,388495,2166,557.54
1995,880266,1371,155.75
1995,1734335,9222,531.73
1995,373973,2086,557.79
1995,679148,2920,429.95
1995,445549,3346,750.98
1995,793432,3712,467.84
1995,436034,2774,636.19
1995,970545,3657,376.8
1995,3466211,29134,840.51
1995,623902,5779,926.27
1995,324654,507,156.17
1995,1098208,6406,583.31
1995,378720,5676,1498.73
1995,622467,3650,586.38
1995,357709,3550,992.43
1995,794575,1015,127.74
1995,523681,2675,510.81
1995,1025407,877,85.53
1995,487179,5349,1097.95
1995,7319546,59278,809.86
1995,260232,5480,2105.81
1995,368771,3880,1052.14
1995,466232,1603,343.82
1995,348089,808,232.12
1995,179649,1048,583.36
1995,1529848,13612,889.76
1995,1085706,3693,340.15
1995,354780,2077,585.43
1995,458623,2298,501.07
1995,640535,3812,595.13
1995,240891,648,269
1995,375845,2129,566.46
1995,175765,564,320.88
1995,999900,2345,234.52
1995,1157771,3244,280.19
1995,738371,6469,876.12
1995,822845,1209,146.93
1995,529526,2213,417.92
1995,371425,5136,1382.78
1995,1212776,957,78.91
1995,289882,2626,905.89
1995,449981,1192,264.9
1996,377152,947,251.09
1996,435959,479,109.87
1996,554000,6864,1238.99
1996,311675,895,287.16
1996,426736,1998,468.21
1996,298632,618,206.94
1996,413123,4805,1163.09
1996,262168,559,213.22
1996,537484,1376,256.01
1996,721218,2427,336.51
1996,716446,10393,1450.63
1996,552519,3470,628.03
1996,313238,2623,837.38
1996,554070,2594,468.17
1996,2754118,26860,975.27
1996,360457,1774,492.15
1996,496049,4062,818.87
1996,640297,3318,518.2
1996,1060585,6122,577.23
1996,516224,1327,257.06
1996,1002299,9504,948.22
1996,602951,1195,198.19
1996,863918,487,56.37
1996,470254,1692,359.81
1996,392049,2087,532.33
1996,878044,1421,161.84
1996,1772143,8276,467.01
1996,376531,2600,690.51
1996,690367,2792,404.42
1996,448474,2881,642.4
1996,831303,3650,439.07
1996,440023,2431,552.47
1996,979425,3222,328.97
1996,3498139,25189,720.07
1996,631626,5970,945.18
1996,340818,506,148.47
1996,1116511,6348,568.56
1996,384976,5139,1334.89
1996,627139,3353,534.65
1996,361595,3242,896.58
1996,799302,983,122.98
1996,530059,2910,549
1996,1028175,835,81.21
1996,488300,5700,1167.32
1996,7339594,49672,676.77
1996,261909,4219,1610.86
1996,372145,3622,973.28
1996,469632,1478,314.71
1996,350607,782,223.04
1996,182616,1080,591.4
1996,1528403,13188,862.86
1996,1139793,3757,329.62
1996,354308,1565,441.71
1996,467906,2057,439.62
1996,644346,3466,537.91
1996,245176,732,298.56
1996,379283,1874,494.09
1996,180180,591,328.01
1996,1021477,2350,230.06
1996,1168364,2998,256.6
1996,745127,5539,743.36
1996,830374,1098,132.23
1996,539591,1963,363.79
1996,374041,4086,1092.39
1996,1218234,946,77.65
1996,294670,2671,906.44
1996,472385,1288,272.66
1997,379798,868,228.54
1997,439851,455,103.44
1997,543000,6444,1186.74
1997,312706,823,263.19
1997,431027,1729,401.13
1997,303487,527,173.65
1997,420865,4751,1128.87
1997,266967,501,187.66
1997,546223,1284,235.07
1997,724348,2477,341.96
1997,719587,8629,1199.16
1997,555024,2728,491.51
1997,312411,2195,702.6
1997,562005,2716,483.27
1997,2765852,25289,914.33
1997,496624,3837,772.62
1997,641338,3104,483.99
1997,1077829,5626,521.98
1997,525793,1253,238.31
1997,1021412,8208,803.59
1997,612754,1066,173.97
1997,871555,447,51.29
1997,477900,1402,293.37
1997,396843,1794,452.07
1997,880272,1214,137.91
1997,1801370,8146,452.21
1997,378014,2750,727.49
1997,702545,2369,337.2
1997,452070,2711,599.69
1997,869696,3745,430.61
1997,445404,1849,415.13
1997,991403,2721,274.46
1997,3541309,20506,579.05
1997,637492,5240,821.97
1997,350592,450,128.35
1997,1136368,5273,464.02
1997,391766,4517,1152.98
1997,628507,3553,565.31
1997,363932,3308,908.96
1997,802770,841,104.76
1997,531908,2583,485.61
1997,1025460,752,73.33
1997,488509,3972,813.09
1997,7320477,44708,610.73
1997,264270,3442,1302.46
1997,376696,3482,924.35
1997,472046,1397,295.95
1997,351745,818,232.55
1997,185837,1262,679.09
1997,1524409,11938,783.12
1997,1172538,3725,317.69
1997,353248,1543,436.8
1997,473696,1948,411.23
1997,647142,2813,434.68
1997,248591,727,292.45
1997,383921,1851,482.13
1997,185553,620,334.14
1997,1038086,2036,196.13
1997,1182653,2604,220.18
1997,754239,4606,610.68
1997,840529,908,108.03
1997,547209,2081,380.29
1997,377221,3572,946.93
1997,1215017,893,73.5
1997,299867,2539,846.71
1997,485933,1446,297.57
1998,381639,917,240.28
1998,443844,515,116.03
1998,529000,4499,850.47
1998,315690,890,281.92
1998,422417,1693,400.79
1998,305948,506,165.39
1998,414262,4658,1124.41
1998,262465,477,181.74
1998,559758,1097,195.98
1998,726462,1876,258.24
1998,662253,7687,1160.73
1998,559631,2334,417.06
1998,308648,1736,562.45
1998,593078,2400,404.67
1998,2750917,23117,840.34
1998,495516,3364,678.89
1998,661227,2615,395.48
1998,1087178,5878,540.67
1998,509343,1064,208.9
1998,999976,8558,855.82
1998,624510,823,131.78
1998,887432,383,43.16
1998,497830,1357,272.58
1998,404297,1394,344.8
1998,874736,1052,120.26
1998,1797157,7711,429.07
1998,759689,2893,380.81
1998,703251,2051,291.65
1998,447730,2661,594.33
1998,908596,3292,362.32
1998,430018,1765,410.45
1998,948423,2219,233.97
1998,3621680,15835,437.23
1998,604242,4172,690.45
1998,364588,501,137.42
1998,1070656,4195,391.82
1998,372949,3797,1018.1
1998,588339,2970,504.81
1998,362124,2371,654.75
1998,812755,712,87.6
1998,524124,2223,424.14
1998,1031258,678,65.74
1998,471157,2965,629.3
1998,7357745,39359,534.93
1998,269205,2846,1057.19
1998,376375,2651,704.35
1998,463637,1272,274.35
1998,368258,948,257.43
1998,181527,1123,618.64
1998,1449419,11435,788.94
1998,1225692,3764,307.09
1998,354228,1578,445.48
1998,488813,1639,335.3
1998,655302,2722,415.38
1998,256084,802,313.18
1998,384703,1689,439.04
1998,178579,598,334.87
1998,1100791,1780,161.7
1998,1205728,2121,175.91
1998,741362,3927,529.7
1998,860211,901,104.74
1998,538105,1728,321.13
1998,344153,3500,1016.99
1998,1218627,853,70
1998,295027,2464,835.18
1998,467677,1485,317.53
1999,386251,849,219.81
1999,436205,489,112.1
1999,523000,3606,689.48
1999,329179,795,241.51
1999,420169,1667,396.75
1999,310910,546,175.61
1999,411291,4072,990.05
1999,255938,455,177.78
1999,560389,1002,178.8
1999,727051,1703,234.23
1999,650588,7462,1146.96
1999,557812,2467,442.26
1999,301069,1473,489.26
1999,604931,2517,416.08
1999,2821032,20210,716.4
1999,337815,1209,357.89
1999,497903,3038,610.16
1999,673401,3026,449.36
1999,1091386,6357,582.47
1999,509624,1038,203.68
1999,975020,7823,802.34
1999,623888,715,114.6
1999,903902,258,28.54
1999,498883,1447,290.05
1999,403966,1268,313.89
1999,866566,907,104.67
1999,1812277,8350,460.75
1999,759066,2598,342.26
1999,702462,1703,242.43
1999,443992,2479,558.34
1999,922450,3121,338.34
1999,437218,1566,358.17
1999,1002101,2010,200.58
1999,3650138,14411,394.81
1999,609851,3715,609.17
1999,368537,370,100.4
1999,1151382,3478,302.07
1999,373450,3076,823.67
1999,580899,3134,539.51
1999,355949,2096,588.85
1999,828541,654,78.93
1999,522935,1960,374.81
1999,1029565,815,79.16
1999,465828,2733,586.7
1999,7429263,36091,485.8
1999,268348,2432,906.29
1999,371234,2190,589.92
1999,473772,1064,224.58
1999,372364,960,257.81
1999,183547,1096,597.12
1999,1435382,11104,773.59
1999,1225881,3819,311.53
1999,347072,1581,455.53
1999,508984,1418,278.59
1999,661415,2143,324
1999,263008,739,280.98
1999,410089,1450,353.58
1999,177010,485,274
1999,1130173,1674,148.12
1999,1238549,1812,146.3
1999,756700,3475,459.23
1999,875840,726,82.89
1999,542954,1642,302.42
1999,340836,2792,819.16
1999,1235278,821,66.46
1999,292941,2321,792.31
1999,471286,1281,271.81
2000,382673,887,231.79
2000,437660,507,115.84
2000,519000,3344,644.32
2000,332286,700,210.66
2000,448607,1547,344.85
2000,332969,595,178.7
2000,416474,4322,1037.76
2000,276393,473,171.13
2000,656562,1005,153.07
2000,754292,1582,209.73
2000,651154,6613,1015.58
2000,589141,2451,416.03
2000,292648,1555,531.36
2000,625810,2651,423.61
2000,2896016,19345,667.99
2000,331285,1404,423.8
2000,478403,3084,644.64
2000,711470,3098,435.44
2000,1188580,7046,592.81
2000,554636,1039,187.33
2000,951270,7868,827.1
2000,563662,731,129.69
2000,933641,107,11.46
2000,534694,1314,245.75
2000,427652,1304,304.92
2000,876303,984,112.29
2000,1953631,8256,422.6
2000,793778,2551,321.37
2000,735617,2022,274.87
2000,441545,2265,512.97
2000,1060541,3366,317.39
2000,461522,1519,329.13
2000,986997,1937,196.25
2000,3694820,15527,420.24
2000,650100,4087,628.67
2000,396375,433,109.24
2000,1204294,3516,291.96
2000,362470,3077,848.9
2000,596974,3021,506.05
2000,382618,1948,509.12
2000,856042,708,82.71
2000,553168,2250,406.75
2000,1042131,705,67.65
2000,484674,2421,499.51
2000,8008278,32558,406.55
2000,273546,1923,702.99
2000,399484,1929,482.87
2000,506132,990,195.6
2000,390007,875,224.35
2000,185951,1044,561.44
2000,1517550,10425,686.96
2000,1321045,3763,284.85
2000,341247,1585,464.47
2000,529121,1446,273.28
2000,680508,2540,373.25
2000,276093,769,278.53
2000,407018,1412,346.91
2000,181743,576,316.93
2000,1144646,1699,148.43
2000,1223400,1777,145.25
2000,776733,3456,444.94
2000,894943,677,75.65
2000,563374,1653,293.41
2000,348189,3224,925.93
2000,1270508,899,70.76
2000,303447,2183,719.4
2000,486699,1444,296.69
2001,393049,737,187.51
2001,425257,451,106.05
2001,572059,3553,621.09
2001,344284,595,172.82
2001,451098,1610,356.91
2001,340525,687,201.75
2001,426511,4341,1017.79
2001,283876,472,166.27
2001,671462,1183,176.18
2001,765496,1723,225.08
2001,660826,5747,869.67
2001,591944,2523,426.22
2001,293187,1600,545.73
2001,636459,2996,470.73
2001,2910709,18433,633.28
2001,331880,2095,631.25
2001,479263,3298,688.14
2001,712748,3364,471.98
2001,1215553,8330,685.28
2001,569653,1250,219.43
2001,956283,7096,742.04
2001,576453,775,134.44
2001,948050,173,18.25
2001,546828,1389,254.01
2001,435600,1362,312.67
2001,885605,999,112.8
2001,1997965,9921,496.56
2001,798251,2787,349.14
2001,754679,2195,290.85
2001,444267,2367,532.79
2001,1117763,3667,328.07
2001,470099,1417,301.43
2001,1005891,1910,189.88
2001,3763486,17166,456.12
2001,655898,4343,662.15
2001,410026,452,110.24
2001,1235499,3260,263.86
2001,371863,2719,731.18
2001,601229,2913,484.51
2001,386726,1943,502.42
2001,868758,818,94.16
2001,555059,2504,451.12
2001,1041508,753,72.3
2001,484289,2778,573.62
2001,8023018,28202,351.51
2001,275823,1837,666.01
2001,406908,2125,522.23
2001,507517,1090,214.77
2001,390456,868,222.3
2001,190769,1086,569.27
2001,1518302,9604,632.55
2001,1366542,4629,338.74
2001,341414,1384,405.37
2001,537081,1267,235.9
2001,690617,3386,490.29
2001,280791,804,286.33
2001,414582,1440,347.34
2001,184723,481,260.39
2001,1170622,2146,183.32
2001,1246136,1729,138.75
2001,791168,3808,481.31
2001,913513,712,77.94
2001,572345,1594,278.5
2001,350336,3140,896.28
2001,1272846,960,75.42
2001,311310,2359,757.77
2001,503461,1698,337.27
2002,394125,776,196.89
2002,431819,366,84.76
2002,571822,3777,660.52
2002,345081,742,215.02
2002,457488,1295,283.07
2002,347789,794,228.3
2002,435494,4168,957.07
2002,289584,546,188.55
2002,685784,1174,171.19
2002,777313,1700,218.7
2002,671028,4714,702.5
2002,596444,2533,424.68
2002,295441,1627,550.7
2002,646864,2893,447.23
2002,2938299,18532,630.71
2002,333273,2393,718.03
2002,481274,3263,677.99
2002,715739,3503,489.42
2002,1241481,8041,647.69
2002,581105,1191,204.95
2002,961987,6288,653.65
2002,588750,575,97.66
2002,961999,301,31.29
2002,558493,1648,295.08
2002,443363,1479,333.59
2002,900433,1072,119.05
2002,2040583,11212,549.45
2002,804034,2937,365.28
2002,769253,2016,262.07
2002,447650,2011,449.23
2002,1153546,3776,327.34
2002,478478,1505,314.54
2002,1023813,1918,187.34
2002,3830561,17197,448.94
2002,662441,4244,640.66
2002,421547,590,139.96
2002,1235648,3198,258.81
2002,379044,2706,713.9
2002,605600,3197,527.91
2002,390415,1794,459.51
2002,882167,877,99.41
2002,560596,2080,371.03
2002,1049510,749,71.37
2002,486157,1994,410.16
2002,8084693,27229,336.8
2002,279269,1567,561.11
2002,414161,2452,592.04
2002,512448,1169,228.12
2002,394090,998,253.24
2002,194454,1034,531.75
2002,1524226,8869,581.87
2002,1404938,4075,290.05
2002,342529,1616,471.78
2002,544604,1294,237.6
2002,701275,3505,499.8
2002,285383,697,244.23
2002,421971,1734,410.93
2002,188504,478,253.58
2002,1195592,2114,176.82
2002,1268346,1627,128.28
2002,805269,3208,398.38
2002,927821,827,89.13
2002,580089,1576,271.68
2002,353004,2818,798.29
2002,1282631,907,70.71
2002,317322,2334,735.53
2002,517607,1350,260.82
2003,397953,901,226.41
2003,438175,443,101.1
2003,570898,3731,653.53
2003,347801,796,228.87
2003,468764,1080,230.39
2003,355385,598,168.27
2003,431043,3701,858.62
2003,288830,572,198.04
2003,682319,1251,183.35
2003,777463,1609,206.96
2003,644554,4339,673.18
2003,589795,2759,467.79
2003,288187,1654,573.93
2003,668003,2688,402.39
2003,2898374,17302,596.96
2003,324297,2184,673.46
2003,468446,3167,676.07
2003,726151,3332,458.86
2003,1230302,7963,647.24
2003,565905,1421,251.1
2003,927766,5817,626.99
2003,586392,581,99.08
2003,972948,352,36.18
2003,576339,1462,253.67
2003,449898,1215,270.06
2003,905301,989,109.25
2003,2041081,10985,538.2
2003,800167,2828,353.43
2003,776417,2344,301.9
2003,445965,1890,423.8
2003,1189388,3955,332.52
2003,477368,1411,295.58
2003,1036652,1756,169.39
2003,3838838,16577,431.82
2003,623771,1455,233.26
2003,653858,4299,657.48
2003,436569,431,98.72
2003,1262490,3019,239.13
2003,381651,2928,767.19
2003,594269,2868,482.61
2003,378602,2192,578.97
2003,900772,1004,111.46
2003,554888,2197,395.94
2003,1053563,774,73.46
2003,475128,2071,435.88
2003,8098066,25989,320.93
2003,278551,1304,468.14
2003,407003,2474,607.86
2003,521681,1381,264.72
2003,401692,896,223.06
2003,197268,849,430.38
2003,1495903,9617,642.89
2003,1403228,3676,261.97
2003,335302,1635,487.62
2003,545271,1367,250.7
2003,714496,3553,497.27
2003,310157,748,241.17
2003,439811,1630,370.61
2003,184022,504,273.88
2003,1212789,2060,169.86
2003,1272746,1626,127.76
2003,772065,3065,396.99
2003,909890,815,89.57
2003,576296,1509,261.84
2003,340256,2786,818.8
2003,1304366,958,73.45
2003,320908,1769,551.25
2003,514618,1478,287.2
2004,393907,891,226.2
2004,439454,409,93.07
2004,563384,3836,680.89
2004,356123,556,156.13
2004,479074,1238,258.42
2004,360970,662,183.39
2004,430066,3116,724.54
2004,293655,554,188.66
2004,683298,1406,205.77
2004,784118,1563,199.33
2004,634279,4050,638.52
2004,580087,2428,418.56
2004,285567,1485,520.02
2004,661883,2786,420.92
2004,2882746,15912,551.97
2004,318005,2409,757.54
2004,462260,3294,712.59
2004,729911,3358,460.06
2004,1228613,7466,607.68
2004,563688,1442,255.82
2004,914353,5451,596.16
2004,593924,570,95.97
2004,973406,354,36.37
2004,594950,1415,237.84
2004,456663,1232,269.78
2004,906589,818,90.23
2004,2043446,10182,498.28
2004,800589,2763,345.12
2004,790972,2223,281.05
2004,446659,1923,430.53
2004,1239805,3729,300.77
2004,480945,1533,318.75
2004,1049786,1776,169.18
2004,3864018,14181,367
2004,624697,1476,236.27
2004,652526,3773,578.21
2004,445006,421,94.61
2004,1116701,2281,204.26
2004,385186,2367,614.51
2004,590874,2551,431.73
2004,376255,2248,597.47
2004,909204,789,86.78
2004,555134,2125,382.79
2004,1049729,724,68.97
2004,471057,1836,389.76
2004,8101321,24373,300.85
2004,279857,1345,480.6
2004,403445,2190,542.82
2004,525094,1173,223.39
2004,406109,824,202.9
2004,203764,962,472.11
2004,1484224,9757,657.38
2004,1428973,3723,260.54
2004,334231,1602,479.31
2004,543838,1287,236.65
2004,719457,3528,490.37
2004,321850,661,205.38
2004,450472,1914,424.89
2004,182768,464,253.87
2004,1235128,2127,172.21
2004,1281366,1650,128.77
2004,760353,3041,399.95
2004,908712,785,86.39
2004,575816,1588,275.78
2004,335143,2632,785.34
2004,1311623,845,64.42
2004,324704,1413,435.17
2004,522487,1552,297.04
2005,389135,1035,265.97
2005,443840,478,107.7
2005,553523,3057,552.28
2005,356179,627,176.04
2005,490631,1150,234.39
2005,365380,768,210.19
2005,430666,2861,664.32
2005,295888,644,217.65
2005,693019,1182,170.56
2005,786768,1765,224.34
2005,641097,3910,609.89
2005,567589,2649,466.71
2005,283269,1667,588.49
2005,677122,3649,538.9
2005,2873441,15964,555.57
2005,314292,2320,738.17
2005,458885,3744,815.89
2005,730329,3810,521.68
2005,1230303,6882,559.37
2005,564552,1429,253.12
2005,900932,6826,757.66
2005,601839,448,74.44
2005,980586,298,30.39
2005,613261,1379,224.86
2005,460758,1275,276.72
2005,908521,841,92.57
2005,2045732,11128,543.96
2005,800304,3274,409.09
2005,795259,2253,283.3
2005,447915,2000,446.51
2005,1281698,3494,272.61
2005,479729,1403,292.46
2005,1058840,1910,180.39
2005,3871077,13797,356.41
2005,623735,1822,292.11
2005,678988,4466,657.74
2005,452340,460,101.69
2005,1136560,2341,205.97
2005,388295,2019,519.97
2005,586500,2937,500.77
2005,376277,2584,686.73
2005,910985,1035,113.61
2005,557034,2440,438.03
2005,1048386,833,79.46
2005,463072,756,163.26
2005,8115690,24722,304.62
2005,281063,1250,444.74
2005,400619,2672,666.97
2005,531688,1193,224.38
2005,412128,682,165.48
2005,210290,1204,572.54
2005,1472915,10069,683.61
2005,1466296,4237,288.96
2005,330780,1617,488.84
2005,540389,1137,210.4
2005,722018,4447,615.91
2005,332084,762,229.46
2005,457347,2018,441.24
2005,184627,419,226.94
2005,1256584,2154,171.42
2005,1272148,1862,146.37
2005,749172,3078,410.85
2005,910528,884,97.09
2005,579215,1607,277.44
2005,346005,2965,856.92
2005,1316259,1037,78.78
2005,329035,1160,352.55
2005,529447,1685,318.26
2006,386414,1096,283.63
2006,446448,621,139.1
2006,550521,3502,636.12
2006,355011,496,139.71
2006,500955,1171,233.75
2006,373086,890,238.55
2006,485804,2959,609.09
2006,302855,600,198.11
2006,709813,1358,191.32
2006,788266,2084,264.38
2006,637556,4229,663.31
2006,562393,2698,479.74
2006,280494,1708,608.93
2006,699398,3207,458.54
2006,2857796,15863,555.08
2006,309104,2341,757.35
2006,452759,4297,949.07
2006,731547,3654,499.49
2006,1248223,6914,553.91
2006,568465,1280,225.17
2006,884462,7235,818.01
2006,615553,503,81.72
2006,979381,418,42.68
2006,641752,1419,221.11
2006,465269,1282,275.54
2006,912693,956,104.74
2006,2073729,11371,548.34
2006,800969,3249,405.63
2006,795822,2304,289.51
2006,448218,2044,456.03
2006,1315625,5381,409.01
2006,478283,1440,301.08
2006,1067567,2008,188.09
2006,3879455,14353,369.97
2006,626018,1738,277.63
2006,680828,5313,780.37
2006,459705,508,110.51
2006,1145259,2356,205.72
2006,392934,2111,537.24
2006,581005,3606,620.65
2006,375302,3028,806.82
2006,911532,1166,127.92
2006,560813,2425,432.41
2006,1044248,866,82.93
2006,431153,761,176.5
2006,8165001,23511,287.95
2006,280877,1288,458.56
2006,398834,3534,886.08
2006,536016,1179,219.96
2006,416770,848,203.47
2006,216819,1528,704.74
2006,1464576,10971,749.09
2006,1517443,4363,287.52
2006,324604,1722,530.49
2006,542174,1297,239.22
2006,705672,3341,473.45
2006,348345,782,224.49
2006,460552,2188,475.08
2006,183901,508,276.24
2006,1292116,2321,179.63
2006,1266847,2164,170.82
2006,746085,3858,517.1
2006,920548,1030,111.89
2006,583772,1667,285.56
2006,346879,3147,907.23
2006,1315904,1027,78.05
2006,331487,1211,365.32
2006,535232,1675,312.95
2007,385834,997,258.4
2007,442784,676,152.67
2007,581530,3604,619.74
2007,357372,520,145.51
2007,513124,1439,280.44
2007,372073,742,199.42
2007,497290,3577,719.3
2007,307621,584,189.84
2007,716817,1457,203.26
2007,785567,1786,227.35
2007,624237,3895,623.96
2007,591855,2242,378.81
2007,273832,1533,559.83
2007,733291,3191,435.16
2007,2824434,15425,546.13
2007,332388,1962,590.27
2007,439888,4025,915.01
2007,735981,3855,523.79
2007,1239104,7222,582.84
2007,573387,1039,181.2
2007,860971,6567,762.74
2007,616029,472,76.62
2007,976392,490,50.18
2007,670693,1623,241.99
2007,472170,1104,233.81
2007,905903,943,104.1
2007,2169544,11479,529.1
2007,797268,4046,507.48
2007,797350,3114,390.54
2007,447725,2358,526.66
2007,1341156,5251,391.53
2007,473959,1506,317.75
2007,992436,2185,220.17
2007,3870487,13481,348.3
2007,624030,1910,306.08
2007,669264,4871,727.81
2007,454576,620,136.39
2007,1082395,2679,247.51
2007,410252,2537,618.4
2007,572938,3535,617
2007,371240,2520,678.81
2007,911528,1096,120.24
2007,564169,2516,445.97
2007,1030495,748,72.59
2007,220614,1154,523.09
2007,8220196,21787,265.04
2007,280158,1104,394.06
2007,396541,3470,875.07
2007,542199,1397,257.65
2007,431810,818,189.44
2007,224417,1534,683.55
2007,1435533,10258,714.58
2007,1541698,4942,320.56
2007,312179,1596,511.25
2007,538133,1289,239.53
2007,647701,3092,477.38
2007,367120,835,227.45
2007,460546,2009,436.22
2007,178449,504,282.43
2007,1316882,2445,185.67
2007,1261196,2095,166.11
2007,733799,3771,513.9
2007,934553,1068,114.28
2007,585118,1522,260.12
2007,348197,2761,792.94
2007,1308750,874,66.78
2007,337220,1205,357.33
2007,523299,1432,273.65
2008,381469,1023,268.17
2008,435943,552,126.62
2008,588292,3985,677.38
2008,358294,557,155.46
2008,527464,1350,255.94
2008,375836,694,184.66
2008,533016,3308,620.62
2008,316323,555,175.45
2008,753535,1333,176.9
2008,787558,1725,219.03
2008,634549,4026,634.47
2008,604465,2398,396.71
2008,270289,1539,569.39
2008,758769,2984,393.27
2008,2829304,16653,588.59
2008,332608,2419,727.28
2008,433452,3805,877.84
2008,751887,3601,478.93
2008,1276214,6466,506.65
2008,592881,956,161.25
2008,905783,6325,698.29
2008,612374,456,74.46
2008,974142,343,35.21
2008,701345,1706,243.25
2008,475723,984,206.84
2008,906349,928,102.39
2008,2238895,10603,473.58
2008,808329,4023,497.69
2008,806080,2938,364.48
2008,451454,2090,462.95
2008,1353175,4932,364.48
2008,467055,1487,318.38
2008,1006321,1967,195.46
2008,3850920,13422,348.54
2008,629679,1762,279.83
2008,672046,4788,712.45
2008,456821,656,143.6
2008,1057396,2552,241.35
2008,427740,2415,564.6
2008,602131,3244,538.75
2008,376753,2005,532.18
2008,922771,1100,119.21
2008,602181,2377,394.73
2008,1069316,748,69.95
2008,281440,1085,385.52
2008,8345075,22186,265.86
2008,279788,1387,495.73
2008,401587,3323,827.47
2008,552452,1524,275.86
2008,437238,949,217.04
2008,229808,1320,574.39
2008,1441117,9618,667.4
2008,1585838,4825,304.26
2008,309757,1541,497.49
2008,553023,1132,204.69
2008,633458,2954,466.33
2008,388661,1025,263.73
2008,467065,1761,377.04
2008,180514,486,269.23
2008,1351244,2743,203
2008,1271655,2019,158.77
2008,798144,4108,514.69
2008,945197,1124,118.92
2008,598077,1612,269.53
2008,356204,2634,739.46
2008,1360739,890,65.41
2008,336911,1056,313.44
2008,528917,1451,274.33
2009,382954,1096,286.2
2009,434163,529,121.84
2009,591833,4154,701.89
2009,362602,482,132.93
2009,530636,1103,207.86
2009,379104,672,177.26
2009,552901,2725,492.85
2009,324014,553,170.67
2009,768970,1415,184.01
2009,792855,1471,185.53
2009,638755,3707,580.35
2009,624222,2277,364.77
2009,268655,1636,608.96
2009,777708,2346,301.66
2009,2848431,15877,557.39
2009,333568,2272,681.12
2009,429238,3555,828.21
2009,759391,3399,447.6
2009,1290266,5501,426.35
2009,604680,931,153.97
2009,908441,6007,661.24
2009,618812,452,73.04
2009,986646,326,33.04
2009,723456,1449,200.29
2009,481370,1085,225.4
2009,907124,869,95.8
2009,2273771,11367,499.92
2009,813471,3929,482.99
2009,810064,2359,291.21
2009,484684,1970,406.45
2009,1377282,4495,326.37
2009,463969,1381,297.65
2009,1015431,1895,186.62
2009,3848776,12217,317.43
2009,631260,1570,248.71
2009,667421,4139,620.15
2009,470833,611,129.77
2009,1150883,2314,201.06
2009,419205,2094,499.52
2009,604673,3177,525.41
2009,382618,1663,434.64
2009,944041,992,105.08
2009,610176,1971,323.02
2009,1056423,754,71.37
2009,336425,932,277.03
2009,8400907,18597,221.37
2009,279203,1319,472.42
2009,404553,2898,716.35
2009,556939,1249,224.26
2009,443037,892,201.34
2009,235109,767,326.23
2009,1547605,9037,583.93
2009,1597397,3757,235.2
2009,312232,1367,437.82
2009,560908,1037,184.88
2009,636662,2634,413.72
2009,406005,832,204.92
2009,470308,1606,341.48
2009,180724,411,227.42
2009,1373936,2683,195.28
2009,1314773,1905,144.89
2009,809755,3423,422.72
2009,954009,1025,107.44
2009,602531,1792,297.41
2009,355208,2721,766.03
2009,1351235,960,71.05
2009,345233,909,263.3
2009,547981,1246,227.38
2010,384851,1117,290.24
2010,436175,448,102.71
2010,599657,3998,666.71
2010,367635,527,143.35
2010,545852,940,172.21
2010,365438,532,145.58
2010,420003,2162,514.76
2010,325078,507,155.96
2010,790390,1231,155.75
2010,805029,1335,165.83
2010,620961,3336,537.23
2010,617594,1926,311.86
2010,261310,1466,561.02
2010,779541,1795,230.26
2010,2695598,14213,527.27
2010,296943,2117,712.93
2010,396815,3181,801.63
2010,787033,3369,428.06
2010,1197816,4487,374.6
2010,600158,943,157.13
2010,713777,5539,776.01
2010,649121,479,73.79
2010,1042747,383,36.73
2010,741206,1330,179.44
2010,494665,1021,206.4
2010,953297,891,93.47
2010,2099451,9449,450.07
2010,831388,3367,404.99
2010,823209,1693,205.66
2010,459787,1671,363.43
2010,1446280,4003,276.78
2010,462257,1202,260.03
2010,1057426,1770,167.39
2010,3792621,10924,288.03
2010,660582,1603,242.66
2010,646889,3237,500.39
2010,439041,511,116.39
2010,1109589,1782,160.6
2010,399457,1856,464.63
2010,594833,2943,494.76
2010,382578,1596,417.17
2010,953109,911,95.58
2010,605009,1802,297.85
2010,1049589,672,64.03
2010,343829,953,277.17
2010,8175133,19608,239.85
2010,277140,1604,578.77
2010,390724,2917,746.56
2010,579999,1112,191.72
2010,408958,723,176.79
2010,238300,672,282
2010,1526006,8363,548.03
2010,1445632,3250,224.82
2010,307630,1190,386.83
2010,583776,1005,172.16
2010,658600,2472,375.34
2010,403892,643,159.2
2010,466488,1491,319.62
2010,186440,359,192.56
2010,1327407,2360,177.79
2010,1307402,1636,125.13
2010,805235,3180,394.92
2010,945942,976,103.18
2010,608660,1429,234.78
2010,319294,2125,665.53
2010,1333471,814,61.04
2010,335709,684,203.75
2010,520116,1088,209.18
2011,391906,1381,352.38
2011,437994,429,97.95
2011,601723,3914,650.47
2011,382368,481,125.8
2011,551961,998,180.81
2011,373128,540,144.72
2011,425533,2343,550.6
2011,330740,507,153.29
2011,807022,1106,137.05
2011,812661,1451,178.55
2011,626848,3457,551.49
2011,621359,1904,306.43
2011,262484,1459,555.84
2011,789478,1612,204.19
2011,2703713,13975,516.88
2011,297160,1775,597.32
2011,397106,3157,795
2011,787609,3251,412.77
2011,1223021,4066,332.46
2011,610612,1143,187.19
2011,713239,4976,697.66
2011,662780,464,70.01
2011,1055204,422,39.99
2011,756803,1267,167.41
2011,500480,1020,203.8
2011,963465,821,85.21
2011,2143628,8054,375.72
2011,833024,3372,404.79
2011,834429,1578,189.11
2011,461458,1671,362.11
2011,1458474,3493,239.5
2011,467691,1320,282.24
2011,1069854,1484,138.71
2011,3837207,10077,262.61
2011,665152,1643,247.01
2011,652725,3083,472.33
2011,445256,497,111.62
2011,1124714,1848,164.31
2011,404901,2002,494.44
2011,597426,3091,517.39
2011,385531,1589,412.16
2011,962146,840,87.3
2011,612789,1889,308.26
2011,1054208,713,67.63
2011,346974,1059,305.21
2011,8211875,19773,240.79
2011,278064,1977,710.99
2011,395317,3365,851.22
2011,586208,1232,210.16
2011,412608,696,168.68
2011,241548,697,288.56
2011,1530873,8246,538.65
2011,1466097,3324,226.72
2011,308609,1126,364.86
2011,589991,917,155.43
2011,664844,2048,308.04
2011,409014,680,166.25
2011,471972,1162,246.2
2011,190038,342,179.96
2011,1355339,1785,131.7
2011,1316919,1456,110.56
2011,814701,3088,379.03
2011,957062,1101,115.04
2011,618209,1418,229.37
2011,320454,2127,663.75
2011,1339464,748,55.84
2011,340284,587,172.5
2011,527479,1163,220.48
2012,396101,1090,275.18
2012,443226,414,93.41
2012,617996,3756,607.77
2012,384796,490,127.34
2012,553684,1092,197.22
2012,379295,532,140.26
2012,437041,2276,520.77
2012,336952,482,143.05
2012,832901,978,117.42
2012,817761,1367,167.16
2012,625474,3605,576.36
2012,630648,1910,302.86
2012,262434,1388,528.89
2012,808504,1798,222.39
2012,2708382,13476,497.57
2012,296204,1726,582.71
2012,393781,3257,827.11
2012,797384,3031,380.12
2012,1241549,4093,329.67
2012,628545,1168,185.83
2012,707096,4850,685.9
2012,675536,471,69.72
2012,1072723,343,31.97
2012,770101,1280,166.21
2012,506011,1015,200.59
2012,975875,914,93.66
2012,2177273,9385,431.04
2012,838650,3442,410.42
2012,840660,1371,163.09
2012,464073,1648,355.12
2012,1479393,3824,258.48
2012,469893,1239,263.68
2012,1074864,1490,138.62
2012,3855122,8983,233.01
2012,666200,1394,209.25
2012,657436,3384,514.73
2012,451391,469,103.9
2012,1144280,1686,147.34
2012,414327,2096,505.88
2012,599395,3097,516.69
2012,390240,1719,440.5
2012,980160,829,84.58
2012,620886,1716,276.38
2012,1057158,723,68.39
2012,362874,1065,293.49
2012,8289415,20201,243.7
2012,278906,1976,708.48
2012,399487,4338,1085.89
2012,595607,1209,202.99
2012,417970,815,194.99
2012,246513,603,244.61
2012,1538957,7984,518.79
2012,1485509,3516,236.69
2012,312112,1134,363.33
2012,598037,950,158.85
2012,670946,1996,297.49
2012,420594,665,158.11
2012,476557,1211,254.11
2012,192465,317,164.71
2012,1380123,1864,135.06
2012,1338477,1517,113.34
2012,820363,3484,424.69
2012,976459,1208,123.71
2012,626865,1436,229.08
2012,318667,1778,557.95
2012,1345578,681,50.61
2012,350758,573,163.36
2012,531535,1260,237.05
2013,398904,1062,266.23
2013,447588,327,73.06
2013,632323,3725,589.1
2013,386409,496,128.36
2013,558165,1046,187.4
2013,378765,562,148.38
2013,451020,2363,523.92
2013,343484,469,136.54
2013,859180,763,88.81
2013,822814,1510,183.52
2013,622671,3734,599.67
2013,643799,1868,290.15
2013,258789,1322,510.84
2013,837638,1805,215.49
2013,2720554,11826,434.69
2013,296491,1612,543.69
2013,389181,3496,898.3
2013,816364,2463,301.7
2013,1255015,4202,334.82
2013,648981,1133,174.58
2013,699889,4771,681.68
2013,679700,457,67.24
2013,1091221,409,37.48
2013,789035,1257,159.31
2013,508876,903,177.45
2013,984683,743,75.46
2013,2180606,9891,453.59
2013,850220,3800,446.94
2013,845745,1424,168.37
2013,465514,1666,357.88
2013,1500455,4072,271.38
2013,469665,1118,238.04
2013,1064190,1357,127.51
2013,3878725,7885,203.29
2013,671120,1427,212.63
2013,657691,3134,476.52
2013,456155,478,104.79
2013,1171120,1861,158.91
2013,418394,2216,529.64
2013,600805,3284,546.6
2013,396206,1856,468.44
2013,997082,758,76.02
2013,635673,1613,253.75
2013,1058467,706,66.7
2013,377022,1138,301.84
2013,8396126,19170,228.32
2013,278246,2433,874.41
2013,403887,4922,1218.66
2013,605034,1191,196.85
2013,425076,718,168.91
2013,253238,573,226.27
2013,1553153,7562,486.88
2013,1502139,3233,215.23
2013,307632,956,310.76
2013,609136,917,150.54
2013,677793,1583,233.55
2013,428993,605,141.03
2013,478182,1158,242.17
2013,190246,421,221.29
2013,1399725,2192,156.6
2013,1349306,1456,107.91
2013,833863,4202,503.92
2013,992143,1095,110.37
2013,642814,1602,249.22
2013,318563,1457,457.37
2013,1340833,620,46.24
2013,351314,580,165.09
2013,525486,1002,190.68
2014,394498,994,251.97
2014,450687,305,67.67
2014,646449,3660,566.17
2014,386486,467,120.83
2014,558874,1381,247.1
2014,382976,493,128.73
2014,454363,2329,512.59
2014,350948,414,117.97
2014,903924,873,96.58
2014,828871,1512,182.42
2014,623513,3677,589.72
2014,654413,1680,256.72
2014,258419,1277,494.16
2014,856916,1586,185.08
2014,2724121,9800,359.75
2014,297671,1358,456.21
2014,388655,2992,769.83
2014,830811,2112,254.21
2014,1272396,3856,303.05
2014,665353,1088,163.52
2014,684694,3573,521.84
2014,680273,415,61
2014,1101700,400,36.31
2014,804907,1140,141.63
2014,513187,781,152.19
2014,994034,768,77.26
2014,2219933,10186,458.84
2014,858238,3808,443.7
2014,856021,1419,165.77
2014,468417,1626,347.13
2014,1530899,4885,319.09
2014,471123,889,188.7
2014,1111939,1280,115.11
2014,3906772,7949,203.47
2014,677710,1532,226.06
2014,654922,3285,501.59
2014,462092,469,101.49
2014,1195232,1835,153.53
2014,421996,1790,424.17
2014,600374,3555,592.13
2014,404461,1871,462.59
2014,1009176,620,61.44
2014,647689,1529,236.07
2014,1061175,550,51.83
2014,387113,1470,379.73
2014,8473938,16581,195.67
2014,279110,1922,688.62
2014,409994,3481,849.04
2014,617975,1126,182.21
2014,438465,723,164.89
2014,259675,620,238.76
2014,1559062,6970,447.06
2014,1529852,2952,192.96
2014,307613,986,320.53
2014,615672,847,137.57
2014,685191,1461,213.23
2014,438363,679,154.89
2014,482767,1000,207.14
2014,192368,449,233.41
2014,1428465,1777,124.4
2014,1368690,1318,96.3
2014,850294,3224,379.16
2014,1009679,1072,106.17
2014,663410,1567,236.2
2014,318574,1562,490.31
2014,1341453,567,42.27
2014,357124,514,143.93
2014,527328,988,187.36
2015,399556,920,230.26
2015,451102,250,55.42
2015,658893,3231,490.37
2015,387493,496,128
2015,559721,1686,301.22
2015,387565,529,136.49
2015,464710,1995,429.3
2015,360237,447,124.08
2015,938728,929,98.96
2015,621252,4313,694.24
2015,665258,1551,233.14
2015,258096,1033,400.24
2015,877817,1947,221.8
2015,2728695,9649,353.61
2015,298478,1263,423.15
2015,847745,2240,264.23
2015,1301977,4177,320.82
2015,682418,1230,180.24
2015,673225,3457,513.5
2015,686077,410,59.76
2015,1101700,443,40.21
2015,829731,981,118.23
2015,520837,1012,194.3
2015,999307,896,89.66
2015,2275221,10278,451.74
2015,863675,3802,440.21
2015,867258,1398,161.2
2015,473373,1703,359.76
2015,1562134,5010,320.72
2015,476318,1054,221.28
2015,1111939,1212,109
2015,3962726,8952,225.91
2015,680550,1545,227.02
2015,657936,3131,475.88
2015,471034,408,86.62
2015,1195232,1661,138.97
2015,437969,1681,383.82
2015,600400,3749,624.42
2015,413479,1896,458.55
2015,1009176,606,60.05
2015,658029,1847,280.69
2015,1061175,555,52.3
2015,393447,1497,380.48
2015,8550861,16946,198.18
2015,279110,1793,642.4
2015,419481,3290,784.3
2015,630621,1192,189.02
2015,452252,655,144.83
2015,268438,522,194.46
2015,1567810,6765,431.49
2015,1559744,3020,193.62
2015,306870,858,279.6
2015,685191,1359,198.34
2015,438363,678,154.67
2015,489717,1174,239.73
2015,191992,469,244.28
2015,1463586,1986,135.69
2015,1400467,1378,98.4
2015,863782,3610,417.93
2015,1031458,1140,110.52
2015,683700,1532,224.07
2015,317095,1790,564.5
2015,1341453,677,50.47
2015,364383,671,184.15
2015,529675,1059,199.93
2015,401520,854,212.69
2015,452797,270,59.63
2015,672228,3404,506.38
2015,389824,733,188.03
